Cod;Municipio;poblacion;VARIACIÓN 2018-2019;% HOMBRES;% MUJERES;EDAD_MEDIA;T_DEPENDENCIA;% POB. 0-14 AÑOS;% POB. 80 Y + AÑOS;% POB EXTRANJERA;% POB. EUROPA;% POB. ÁFRICA;% POB. AMÉRICA;% POB. ASIA;% POB. OCEANÍA
1;Abáigar;83;-4,6;57,8;42,2;51,2;56,6;3,6;9,6;0;0;0;0;0;0
2;Abárzuza / Abartzuza;538;-2,2;49,3;50,7;46,3;69,2;14,9;12,8;2,4;61,5;15,4;23,1;0;0
3;Abaurregaina / Abaurrea alta;126;4,1;61,1;38,9;55,7;85,3;6,3;11,9;0;0;0;0;0;0
4;Abaurrepea / Abaurrea baja;32;-3;59,4;40,6;57,8;77,8;0;12,5;0;0;0;0;0;0
5;Aberin;359;0,8;53,8;46,2;45,9;44,2;10,3;7;9,5;26,5;41,2;17,6;14,7;0
6;Ablitas;2.481;-0,1;50,5;49,5;44,7;56,7;13,9;8,5;10,4;38,5;36,6;20,6;2,3;1,9
7;Adiós;155;-0,6;56,1;43,9;47,7;39,6;6,5;8,4;7,1;18,2;0;81,8;0;0
8;Aguilar de codés;67;-6,9;58,2;41,8;57,4;97,1;7,5;19,4;0;0;0;0;0;0
9;Aibar / Oibar;805;1,8;52,8;47,2;49,1;59,1;8,9;12,8;4,3;65,7;2,9;28,6;2,9;0
10;Altsasu / Alsasua;7.443;0,5;50,5;49,5;43,7;51,4;14,5;6,4;7,6;44,1;32,9;17,4;5,3;0,4
11;Allín / Allin;872;2,6;53,3;46,7;46,4;70;14;8,4;3,1;44,4;14,8;40,7;0;0
12;Allo;968;-1,5;49,7;50,3;47,8;78,3;13,1;10,5;8,2;17,7;64,6;17,7;0;0
13;Améscoa baja;724;-0,8;54,3;45,7;50,5;63,4;9,5;11,9;1,1;0;0;100;0;0
14;Ancín / Antzin;337;-0,9;57;43;46;53,2;12,2;9,8;8,9;43,3;36,7;20;0;0
15;Andosilla;2.743;1;50,9;49,1;43,3;50,2;13,8;7,3;14;14,9;73,4;10,7;1;0
16;Ansoáin / Antsoain;10.833;0,9;49;51;40;50;18;2,9;7,8;50,9;21;20,3;7,6;0,2
17;Anue;482;-0,6;53,3;46,7;43,5;61,7;17;7,1;3,9;68,4;10,5;21,1;0;0
18;Añorbe;581;2,3;54,6;45,4;40,9;49;17,2;6;8,6;32;28;40;0;0
19;Aoiz / Agoitz;2.695;2,7;51,1;48,9;40,7;54,4;18,4;5,3;15,3;54,7;26,2;10,9;5,8;2,4
20;Araitz;512;-2,5;55,7;44,3;48,1;56,6;11,5;8,2;2,1;27,3;0;63,6;9,1;0
21;Aranarache / Aranaratxe;72;2,9;58,3;41,7;47,7;60;11,1;5,6;6,9;20;80;0;0;0
22;Arantza;597;-2,8;52,9;47,1;45,6;67,7;15,7;8,5;1,5;33,3;11,1;55,6;0;0
23;Aranguren;10.859;3,3;50,4;49,6;35,3;44,5;22,2;1,9;5,5;58,7;8,6;22,4;10,4;0
24;Arano;116;0;54,3;45,7;48,1;68,1;15,5;5,2;0;0;0;0;0;0
25;Arakil;933;-1,7;52,2;47,8;45,2;56,3;13,6;8,4;2,8;65,4;7,7;26,9;0;0
26;Aras;153;-2,5;52,9;47,1;55,3;86,6;10,5;22,2;2;0;33,3;66,7;0;0
27;Arbizu;1.104;-1,8;51,2;48,8;41;59,3;19,3;6,3;4,1;40;26,7;31,1;2,2;0
28;Arce / Artzi;262;-0,8;52,7;47,3;46,9;51,4;12,2;8,8;3,8;90;0;10;0;0
29;Los Arcos;1.134;1,5;49,2;50,8;49,9;70,8;11,3;13,8;8,6;38,8;26,5;23,5;11,2;0
30;Arellano;157;0;54,1;45,9;51,1;48,1;8,9;14;6,4;60;30;10;0;0
31;Areso;279;1,5;50,9;49,1;43,9;74,4;18,6;6,8;0,7;0;0;100;0;0
32;Arguedas;2.272;-1,9;50,8;49,2;44,8;60,1;14,5;8,8;12,4;29,4;61,3;8,2;1,1;0
33;Aria;51;-3,8;56,9;43,1;49,9;82,1;7,8;5,9;2;0;0;100;0;0
34;Aribe;33;-8,3;57,6;42,4;55,7;65;6,1;9,1;6,1;0;0;100;0;0
35;Armañanzas;53;-3,6;52,8;47,2;63,1;130,4;5,7;26,4;0;0;0;0;0;0
36;Arróniz;1.051;0,4;53,2;46,8;48,7;61,9;10,6;11,3;2,7;32,1;35,7;32,1;0;0
37;Arruazu;110;3,8;52,7;47,3;47;64,2;11,8;7,3;2,7;33,3;0;66,7;0;0
38;Artajona;1.675;0,4;51;49;45,7;58,9;13,1;8,1;5,6;30,9;41,5;27,7;0;0
39;Artazu;116;-1,7;52,6;47,4;48;54,7;11,2;9,5;9,5;36,4;9,1;54,5;0;0
40;Atetz / Atez;215;1,4;55,3;44,7;47,5;58,1;11,2;6,5;1,9;50;25;25;0;0
41;Ayegui / Aiegi;2.366;1,5;52;48;37,5;49,1;21,3;3,2;6,6;43,6;18,6;26,3;11,5;0
42;Azagra;3.843;-0,3;50,7;49,3;41,7;53,9;16,1;6,5;15,5;40,1;47,3;11,7;0,8;0
43;Azuelo;31;-3,1;38,7;61,3;70,4;158,3;0;38,7;0;0;0;0;0;0
44;Bakaiku;362;4,9;51,9;48,1;47,4;71,6;13;9,4;4,1;33,3;13,3;53,3;0;0
45;Barásoain;621;-2,8;53;47;43,6;50,7;14,7;7,4;1,4;66,7;11,1;0;22,2;0
46;Barbarin;55;-5,2;49,1;50,9;57;48,6;0;23,6;1,8;100;0;0;0;0
47;Bargota;257;-1,9;47,9;52,1;59,4;87,6;2,7;18,7;3,9;50;0;50;0;0
48;Barillas;214;-2,3;53,7;46,3;45,3;68,5;16,8;11,7;8,9;47,4;47,4;5,3;0;0
49;Basaburua;834;-0,6;57,4;42,6;46,1;57,4;14,7;7,2;2,4;55;0;45;0;0
50;Baztan;7.777;0,4;50,5;49,5;44,5;60,8;15,3;7,9;6,1;41,2;14,7;42,4;1,1;0,6
51;Beire;286;4;52,8;47,2;49,4;83,3;14;11,2;3,8;27,3;54,5;18,2;0;0
52;Belascoáin;122;-2,4;50,8;49,2;47;27,1;4,9;7,4;3,3;75;25;0;0;0
53;Berbinzana;655;7,4;50,7;49,3;47;69,7;13,3;10,2;11,9;3,8;74,4;21,8;0;0
54;Bertizarana;612;0,8;49,3;50,7;43,5;65,4;16,5;5,4;8,7;52,8;30,2;15,1;1,9;0
55;Betelu;366;4;52,2;47,8;42,6;65,6;18;8,5;7,4;33,3;3,7;63;0;0
56;Biurrun-Olcoz;214;4,9;56,1;43,9;47,6;51,8;12,2;8,9;1,4;66,7;0;33,3;0;0
57;Buñuel;2.219;-0,2;48,7;51,3;46,6;56,2;12;8,7;10,8;24,2;60;14,2;1,7;0
58;Auritz / Burguete;231;-4,5;51,1;48,9;49,2;57,1;8,7;10;2,6;33,3;0;66,7;0;0
59;Burgui / Burgi;207;-0,5;57,5;42,5;52;72,5;9,2;14;0,5;0;0;0;100;0
60;Burlada / Burlata;19.096;0,9;48,3;51,7;42,2;48;14,2;5,7;9,9;40,5;16,9;34,4;7,8;0,3
61;El Busto;56;-1,8;48,2;51,8;58,2;124;10,7;23,2;1,8;100;0;0;0;0
62;Cabanillas;1.357;-0,5;52,8;47,2;46,3;54,6;10,8;9,1;9,2;25,6;47,2;26,4;0,8;0
63;Cabredo;91;-6,2;53,8;46,2;59,6;139,5;7,7;20,9;0;0;0;0;0;0
64;Cadreita;1.964;-1,5;51,3;48,7;44,2;51,9;12,9;6,8;18,6;7,4;82,2;9,3;1,1;0
65;Caparroso;2.766;2,4;52,7;47,3;42,4;58,2;16,1;7,4;18,8;43,2;41,5;14,6;0,8;0
66;Cárcar;1.069;2,9;50,6;49,4;46,1;60,8;12,9;8,6;13,3;21,1;69,7;9,2;0;0
67;Carcastillo;2.495;1,6;50,9;49,1;44,1;55,6;13,8;7,9;10,5;15,2;59,3;22,1;3,4;0
68;Cascante;3.864;1,2;50,1;49,9;44,3;61,3;15,5;8,3;12,9;32,6;57,5;8,7;1,2;0
69;Cáseda;974;-0,6;50,2;49,8;49,6;63,4;9,4;14,3;4,3;47,6;31;21,4;0;0
70;Castejón;4.163;1,3;50,2;49,8;40,9;59,9;19,3;6,8;20,8;8,7;83,4;6,7;1,2;0,1
71;Castillonuevo;16;-5,9;68,8;31,3;68,4;220;0;37,5;6,3;100;0;0;0;0
72;Cintruénigo;7.903;1;51,5;48,5;40,5;55,5;18,3;5,4;15,5;14,6;65,1;19;1,2;0,1
73;Ziordia;348;-3,6;52,3;47,7;48,2;56,1;8,9;10,6;4,9;47,1;29,4;17,6;0;5,9
74;Cirauqui / Zirauki;487;-0,6;52,2;47,8;45;66,2;16,6;10,3;1,8;22,2;44,4;33,3;0;0
75;Ciriza / Ziritza;155;9,9;46,5;53,5;42,3;44,9;15,5;4,5;7,7;8,3;16,7;66,7;8,3;0
76;Cizur;3.888;1;51,4;48,6;34,4;49,3;23,9;2,3;6,4;23,6;5,6;56;14,8;0
77;Corella;7.971;3,4;50,3;49,7;41,7;52,1;15,9;6,3;17,3;30,6;46,4;20,9;2,2;0
78;Cortes;3.151;0,1;50,7;49,3;45,1;54,5;13,4;7,2;11;35,8;57,5;4,9;1,7;0
79;Desojo;79;5,3;55,7;44,3;56,8;97,5;8,9;19;11,4;11,1;77,8;11,1;0;0
80;Dicastillo;604;0,8;50,5;49,5;48,6;67,8;12,6;11,9;5;20;66,7;13,3;0;0
81;Donamaria;433;0,5;50,3;49,7;42;56,3;16,9;4,2;1,4;50;0;50;0;0
82;Etxalar;813;1;52,5;47,5;43,9;69,4;16,7;7,4;5;70,7;0;29,3;0;0
83;Echarri / Etxarri;75;-2,6;48;52;36,5;63;26,7;5,3;6,7;100;0;0;0;0
84;Etxarri Aranatz;2.483;-0,8;52;48;43,1;66,2;17,4;6,5;3,5;14,9;54;26,4;4,6;0
85;Etxauri;650;2,7;50,9;49,1;42,4;50,1;16,3;3,8;4,6;53,3;20;26,7;0;0
86;Valle de Egüés / Eguesibar;21.128;1,7;50,2;49,8;32,3;48,6;27,8;0,9;6;58,9;14,4;23,4;3;0,2
87;Elgorriaga;220;0,5;50,5;49,5;45;57,1;15;8,2;3,2;85,7;0;14,3;0;0
88;Noáin (Valle de Elorz) / Noain (Elortzibar);8.320;1,2;50,3;49,7;36,9;50,7;22,4;2,7;8,4;49,6;12,8;29,8;7,7;0,1
89;Enériz / Eneritz;286;-4;51,4;48,6;45,1;56,3;12,6;8,7;5,6;18,8;81,3;0;0;0
90;Eratsun;151;-0,7;60,9;39,1;52,9;69,7;7,9;11,3;0;0;0;0;0;0
91;Ergoiena;372;-3,1;54,3;45,7;53,6;77,1;7;14;4;46,7;6,7;46,7;0;0
92;Erro;800;1,4;56,1;43,9;48,3;61,6;11;12,1;2,1;58,8;0;41,2;0;0
93;Ezcároz / Ezkaroze;306;0;54,2;45,8;52,8;70;6,5;10,5;2,9;11,1;0;88,9;0;0
94;Eslava;111;-6,7;45,9;54,1;59,3;105,6;6,3;19,8;0,9;0;0;100;0;0
95;Esparza de Salazar / Espartza Zaraitzu;74;-2,6;54,1;45,9;59,1;80,5;2,7;13,5;2,7;0;0;100;0;0
96;Espronceda;104;1;55,8;44,2;57,5;89,1;3,8;18,3;0;0;0;0;0;0
97;Estella-Lizarra;13.810;1;47,8;52,2;44,7;57,7;13,3;7,2;9,8;18,7;29,5;45,2;6,4;0,2
98;Esteribar;2.702;3,9;51,7;48,3;39,6;52;20,4;4,9;4,7;50,4;6,3;43,3;0;0
99;Etayo;58;-10,8;53,4;46,6;57,1;70,6;1,7;12,1;13,8;87,5;12,5;0;0;0
100;Eulate;284;0;55,6;44,4;51,5;68;8,1;10,6;0,4;0;0;100;0;0
101;Ezcabarte;1.805;0,1;52,3;47,7;41;41,5;15,3;3,7;4;61,1;8,3;29,2;1,4;0
102;Ezkurra;146;-2,7;65,1;34,9;54,3;71,8;7,5;9,6;2,1;66,7;0;33,3;0;0
103;Ezprogui;43;2,4;53,5;46,5;53,7;79,2;7;14;2,3;0;0;100;0;0
104;Falces;2.315;0,4;51,2;48,8;47,2;65,7;12,8;10,6;13,6;2,2;91,4;6,4;0;0
105;Fitero;2.011;-0,3;50;50;46;76,1;15,8;10,8;11,8;13,1;80,2;6,8;0;0
106;Fontellas;996;1,3;50,3;49,7;41,8;47,6;16,1;4,6;9,8;78,6;6,1;15,3;0;0
107;Funes;2.440;-1,8;52,7;47,3;42,6;54,1;15,9;6,2;17,5;6,3;87,8;5,6;0,2;0
108;Fustiñana;2.490;0,1;49,6;50,4;45;61,2;14,4;8,2;12,2;58,7;24,1;15,8;1,3;0
109;Galar;2.273;2,7;52,5;47,5;38,6;48,7;19,8;3,7;4;50;11,1;36,7;2,2;0
110;Gallipienzo / Galipentzu;98;-2;56,1;43,9;53,2;78,2;9,2;12,2;2;50;50;0;0;0
111;Gallués / Galoze;93;-2,1;67,7;32,3;52,7;45,3;4,3;6,5;1,1;100;0;0;0;0
112;Garaioa;91;2,2;56;44;55,9;82;2,2;14,3;0;0;0;0;0;0
113;Garde;139;-4,8;59,7;40,3;55;59,8;5,8;16,5;1,4;0;0;100;0;0
114;Garínoain;499;4,2;52,7;47,3;41,1;46,8;16,4;6,6;4,6;30,4;39,1;30,4;0;0
115;Garralda;190;0,5;52,6;47,4;47,6;65,2;13,7;7,9;2,1;50;0;50;0;0
116;Genevilla;70;-5,4;61,4;38,6;59,8;94,4;5,7;20;11,4;62,5;12,5;25;0;0
117;Goizueta;704;-0,1;53,8;46,2;48,4;62,2;11,5;10,4;3,8;18,5;0;81,5;0;0
118;Goñi;158;-3,1;65,2;34,8;55,6;71,7;1,9;11,4;0;0;0;0;0;0
119;Güesa / Gorza;38;-5;57,9;42,1;60,6;81;5,3;23,7;0;0;0;0;0;0
120;Guesálaz / Gesalatz;432;-2,7;58,8;41,2;53,3;70,8;8,3;13,2;2,3;80;0;20;0;0
121;Guirguillano;78;0;55,1;44,9;48,1;52,9;10,3;10,3;3,8;33,3;0;66,7;0;0
122;Huarte / Uharte;7.101;1,2;50,4;49,6;37,6;52,8;22,6;4,3;6,3;50,9;11,7;23,3;13,7;0,4
123;Uharte Arakil;805;0;53,3;46,7;44,5;64,6;16;8,7;6,7;11,1;77,8;9,3;1,9;0
124;Ibargoiti;249;-1,6;59,4;40,6;48,7;74,1;12,9;9,6;3,2;75;12,5;12,5;0;0
125;Igúzquiza;325;0;52,3;47,7;46,6;59,3;12;10,2;1,2;50;25;25;0;0
126;Imotz;423;-0,5;52,7;47,3;46,8;68,5;13,9;6,6;1,4;16,7;0;83,3;0;0
127;Irañeta;172;-2,3;52,9;47,1;43;72;20,3;7;0;0;0;0;0;0
128;Isaba / Izaba;395;-6;49,6;50,4;51,6;63,2;8,1;14,9;3;75;0;25;0;0
129;Ituren;511;1,4;50,7;49,3;42,4;53,9;17,2;5,9;4,7;75;12,5;12,5;0;0
130;Iturmendi;403;5,5;51,6;48,4;45,8;53,2;11,9;12,7;5;30;40;30;0;0
131;Iza / Itza;1.235;3;53,9;46,1;41;48,8;17,8;3;5,9;53,4;8,2;34,2;1,4;2,7
132;Izagaondoa;176;0;64,8;35,2;49,1;63;10,2;10,8;6,3;36,4;45,5;18,2;0;0
133;Izalzu / Itzaltzu;40;-9,1;57,5;42,5;50,4;81,8;12,5;7,5;0;0;0;0;0;0
134;Jaurrieta;189;-1;56,6;43,4;56,1;81,7;5,8;12,7;0,5;0;0;100;0;0
135;Javier;110;3,8;25,5;74,5;69;175;3,6;48,2;4,5;80;20;0;0;0
136;Juslapeña;563;2,4;54,7;45,3;44,1;36,3;12,1;5,5;3,4;31,6;5,3;36,8;26,3;0
137;Beintza-Labaien;220;-3,1;58,2;41,8;49,7;54,9;9,5;10;0,9;50;0;50;0;0
138;Lakuntza;1.279;0,6;53;47;40,9;57,1;18,8;5,1;5,5;4,3;85,7;10;0;0
139;Lana;169;-1,7;58;42;54,5;43,2;2,4;15,4;1,2;50;0;50;0;0
140;Lantz;148;0,7;59,5;40,5;44,9;97,3;20,9;10,8;0;0;0;0;0;0
141;Lapoblación;120;0,8;56,7;43,3;51,1;57,9;7,5;9,2;5,8;57,1;42,9;0;0;0
142;Larraga;2.075;0,7;52,4;47,6;41,5;59,2;17,4;6,4;18,3;28;67,5;4,5;0;0
143;Larraona;102;-1;48;52;53,6;67,2;4,9;12,7;3,9;0;25;50;0;25
144;Larraun;951;-1,7;54,9;45,1;48,2;72;14,2;11,9;4;31,6;23,7;44,7;0;0
145;Lazagurría;189;1,1;51,3;48,7;50,9;62,9;9,5;17,5;2,1;75;0;25;0;0
146;Leache / Leatxe;30;-3,2;56,7;43,3;61,3;114,3;3,3;23,3;0;0;0;0;0;0
147;Legarda;117;3,5;55,6;44,4;52,2;60,3;6,8;9,4;1,7;100;0;0;0;0
148;Legaria;111;0,9;45;55;52,7;50;6,3;22,5;14,4;100;0;0;0;0
149;Leitza;2.913;0,5;51,9;48,1;43,6;67;17,1;6;4,5;65,2;0,8;30,3;3,8;0
150;Leoz / Leotz;220;-5,2;64,5;35,5;52,7;73,2;7,3;10,9;0,9;100;0;0;0;0
151;Lerga;55;-8,3;63,6;36,4;63,1;89,7;5,5;21,8;0;0;0;0;0;0
152;Lerín;1.725;0;51,4;48,6;48,1;73,2;12,4;11,5;16,6;37,3;51,9;10,8;0;0
153;Lesaka;2.741;0,2;51,3;48,7;44,7;60,3;14,8;7,3;4,5;61;6,5;32,5;0;0
154;Lezaun;242;0;60,3;39,7;48,9;51,3;8,3;12,4;1,2;0;0;100;0;0
155;Liédena;292;0,3;49,3;50,7;49,1;72,8;11;12,3;5,1;26,7;6,7;66,7;0;0
156;Lizoain-Arriasgoiti;295;-0,7;58,3;41,7;44,3;56,9;13,9;6,8;1,4;25;50;25;0;0
157;Lodosa;4.816;1,1;50,7;49,3;43;54,4;14,8;7;14,1;36,2;46,7;7,4;9,7;0
158;Lónguida / Longida;298;1,4;53,4;46,6;45,7;46,8;12,4;7;2,3;71,4;0;28,6;0;0
159;Lumbier;1.318;0,1;54,3;45,7;48;64,5;11,2;9,3;5,6;58,1;10,8;28,4;1,4;1,4
160;Luquin;132;1,5;53;47;47,5;80,8;15,2;11,4;5,3;100;0;0;0;0
161;Mañeru;434;-0,7;52,8;47,2;43,7;63,8;16,1;6,9;3,2;64,3;14,3;21,4;0;0
162;Marañón;52;0;50;50;55,5;67,7;5,8;9,6;1,9;100;0;0;0;0
163;Marcilla;2.858;-0,1;50,6;49,4;42,7;55,4;16;7,3;14,8;10,9;75,4;12,3;1,4;0
164;Mélida;733;-1,9;51;49;48,6;71,7;11,6;10,9;16,1;6,8;86,4;6,8;0;0
165;Mendavia;3.547;0,4;51,4;48,6;46,5;60,7;12,5;9,3;9,2;49,4;38;10,4;2,1;0
166;Mendaza;287;-1,7;51,9;48,1;54,4;75;8,4;16,4;4,5;46,2;0;53,8;0;0
167;Mendigorría;1.086;2,7;51,8;48,2;43,6;67,9;17,3;5,5;6,2;41,8;28,4;22,4;7,5;0
168;Metauten;288;4;54,2;45,8;51,1;75,6;10,4;13,5;3,5;20;0;70;10;0
169;Milagro;3.416;0,6;51,9;48,1;41,6;52,6;17;7,5;21,1;27;52,8;12,6;7,6;0
170;Mirafuentes;57;1,8;49,1;50,9;49,5;119,2;15,8;15,8;1,8;100;0;0;0;0
171;Miranda de Arga;839;-1,3;52,1;47,9;48,1;65,5;11,6;10;7,9;19,7;60,6;19,7;0;0
172;Monreal / Elo;478;2,6;54;46;41,2;44,8;16,3;5,6;4,8;65,2;4,3;30,4;0;0
173;Monteagudo;1.092;0,4;49,9;50,1;48,4;70,4;11,3;11,2;10,4;39,5;32,5;27,2;0,9;0
174;Morentin;129;7,5;48,1;51,9;43,2;51,8;14;4,7;0,8;0;0;100;0;0
175;Mués;75;-2,6;57,3;42,7;56,6;82,9;5,3;20;10,7;37,5;12,5;50;0;0
176;Murchante;4.154;1,6;50,5;49,5;40,8;52,7;17,6;6,1;13,2;25;59,8;12,8;2,4;0
177;Murieta;335;2,4;52,8;47,2;44,3;60,3;15,2;6,3;10,1;38,2;44,1;17,6;0;0
178;Murillo el Cuende;665;2,9;51,6;48,4;42,2;55,7;16,7;4,1;15,3;16,7;80,4;2,9;0;0
179;Murillo el Fruto;639;0;54,1;45,9;47,6;59,8;10,3;9,7;13,3;7,1;34,1;58,8;0;0
180;Muruzábal;233;-2,5;43,3;56,7;49,9;57,4;9,4;11,2;5,6;0;46,2;53,8;0;0
181;Navascués / Nabaskoze;132;-7;60,6;39,4;59,7;61;0;17,4;0;0;0;0;0;0
182;Nazar;34;0;58,8;41,2;49,3;47,8;11,8;14,7;0;0;0;0;0;0
183;Obanos;935;2,5;49,9;50,1;43;46,6;14,2;6,7;9,3;72,4;12,6;14,9;0;0
184;Oco;77;0;50,6;49,4;45,6;71,1;14,3;13;0;0;0;0;0;0
185;Ochagavía / Otsagabia;521;-1,7;53,9;46,1;53,9;73,1;5,4;13,8;2,3;25;0;75;0;0
186;Odieta;362;-1,9;55,8;44,2;43,5;64,5;16,3;5,2;1,9;28,6;28,6;42,9;0;0
187;Oiz;129;6,6;61,2;38,8;46,7;41,8;10,1;8,5;10,9;35,7;0;64,3;0;0
188;Oláibar;378;4,1;58,2;41,8;44,2;43,2;13;3,7;7,4;32,1;25;32,1;10,7;0
189;Olazti / Olazagutía;1.489;-0,5;50,6;49,4;46,1;59,9;13,9;9,7;11;39;37,8;14;3,7;5,5
190;Olejua;50;-2;54;46;50,8;85,2;12;12;0;0;0;0;0;0
191;Olite / Erriberri;3.946;0,4;50,7;49,3;43,6;52,1;14,3;7,8;8,3;48,5;28,7;21,6;1,2;0
192;Olóriz / Oloritz;203;-0,5;56,7;43,4;42,5;49,3;16,7;6,4;3;66,7;0;33,3;0;0
193;Cendea de Olza / Oltza zendea;1.831;-0,6;49,2;50,8;42,2;49,3;16,2;5,5;2,7;60;12;18;10;0
194;Valle de Ollo / Ollaran;421;1,4;55,3;44,7;42;57,7;19,2;5,5;2,1;55,6;0;44,4;0;0
195;Orbaizeta;195;-1;49,7;50,3;50,4;77,3;10,8;9,2;0,5;100;0;0;0;0
196;Orbara;33;-8,3;51,5;48,5;59,7;135,7;6,1;18,2;0;0;0;0;0;0
197;Orísoain;79;0;54,4;45,6;45,3;46,3;11,4;5,1;1,3;100;0;0;0;0
198;Oronz / Orontze;47;-2,1;51,1;48,9;42,7;42,4;12,8;0;2,1;100;0;0;0;0
199;Oroz-Betelu / Orotz-Betelu;146;-0,7;58,2;41,8;58,8;92,1;2,7;18,5;1,4;50;0;50;0;0
200;Oteiza;918;-0,1;53,3;46,7;46,2;61,1;12,9;7,6;3,5;37,5;34,4;28,1;0;0
201;Pamplona / Iruña;201.653;1,3;47,3;52,7;44,1;55,9;13,6;7,3;10,5;38,3;16,8;37,6;7,1;0,2
202;Peralta / Azkoien;5.893;1,2;50,6;49,4;41,2;51,8;16,3;5,7;9;22,6;44,5;32,1;0,8;0
203;Petilla de Aragón;31;0;54,8;45,2;55,8;55;3,2;25,8;0;0;0;0;0;0
204;Piedramillera;37;0;64,9;35,1;64,6;105,6;0;35,1;0;0;0;0;0;0
205;Pitillas;484;-1,8;50;50;51,8;73,5;9,3;14,5;2,7;15,4;61,5;23,1;0;0
206;Puente la Reina / Gares;2.840;-0,1;50,1;49,9;41,6;52,7;17,2;5,7;9,8;24,1;43,9;29,5;2,5;0
207;Pueyo;351;0,6;54,7;45,3;46,2;67,9;15,1;7,7;4,3;93,3;6,7;0;0;0
208;Ribaforada;3.750;0,2;52,1;47,9;42,4;51,5;15,4;5,5;16,9;23,4;67,1;8,4;0,8;0,3
209;Romanzado;175;0,6;52,6;47,4;47,9;57,7;12;10,9;2,9;40;20;40;0;0
210;Roncal / Erronkari;211;1,4;51,2;48,8;53,5;71,5;8,1;15,6;3,8;75;0;25;0;0
211;Orreaga / Roncesvalles;22;4,8;54,5;45,5;46,1;29,4;13,6;4,5;4,5;0;100;0;0;0
212;Sada;133;-7,6;56,4;43,6;61,2;95,6;4,5;18,8;0,8;100;0;0;0;0
213;Saldias;122;5,2;55,7;44,3;44,8;67,1;16,4;8,2;2,5;0;0;100;0;0
214;Salinas de Oro / Jaitz;109;-0,9;56,9;43,1;45,6;65,2;16,5;8,3;0;0;0;0;0;0
215;San Adrián;6.292;0,8;49,5;50,5;41,8;49,6;15,6;4,9;9,9;18,3;60,7;17,5;3,5;0
216;Sangüesa / Zangoza;4.962;0;50,8;49,2;44,8;58;14,1;7,9;5,9;55,3;12,5;30,2;2;0
217;San Martín de Unx;392;-1,5;52,8;47,2;54,1;73,5;6,1;18,1;10,7;23,8;47,6;16,7;11,9;0
219;Sansol;102;2;53,9;46,1;53,1;64,5;6,9;9,8;16,7;88,2;5,9;5,9;0;0
220;Santacara;874;-1,4;52,2;47,8;48,4;59,8;9,5;9,5;4,9;14;69,8;16,3;0;0
221;Doneztebe / Santesteban;1.726;-0,2;51;49;40,5;52,1;17,6;4,6;11;54,5;16,9;28,6;0;0
222;Sarriés / Sartze;58;-6,5;65,5;34,5;58,7;52,6;1,7;15,5;0;0;0;0;0;0
223;Sartaguda;1.315;1,6;51,5;48,5;46,2;60,4;11,9;9;16;47,9;47,9;2,4;1,9;0
224;Sesma;1.164;-1,4;51,2;48,8;47,7;73,5;12,6;11,1;13,1;13,1;72,5;14,4;0;0
225;Sorlada;57;0;61,4;38,6;51,9;67,6;5,3;19,3;31,6;94,4;0;5,6;0;0
226;Sunbilla;675;0,6;51,4;48,6;45,5;64,2;15,1;6,5;4,4;56,7;0;43,3;0;0
227;Tafalla;10.595;-0,1;49,3;50,7;44,8;56;13,3;7,6;9,7;45,6;28;23,7;2,7;0
228;Tiebas-Muruarte de Reta;606;1,3;52;48;44,8;51,9;13,2;7,8;3,6;50;22,7;27,3;0;0
229;Tirapu;40;-4,8;62,5;37,5;56,3;53,8;5;10;0;0;0;0;0;0
230;Torralba del Río;103;-1;53,4;46,6;54,2;71,7;5,8;17,5;1;0;100;0;0;0
231;Torres del Río;126;3,3;49,2;50,8;53,2;72,6;8,7;14,3;4,8;16,7;0;83,3;0;0
232;Tudela;36.258;1,9;49,2;50,8;41,8;50,7;15,9;5,5;13,9;26,6;42,1;28,7;2,6;0,1
233;Tulebras;128;-4,5;39,8;60,2;49,1;47,1;9,4;9,4;16,4;42,9;33,3;23,8;0;0
234;Úcar;184;4;55,4;44,6;46,6;61,4;14,7;7,1;2,7;100;0;0;0;0
235;Ujué / Uxue;182;2,8;57,1;42,9;52,1;82;9,9;13,2;1,6;33,3;66,7;0;0;0
236;Ultzama;1.653;-0,1;51,5;48,5;45,4;55,9;13,2;9,2;4,8;74,7;5,1;19;0;1,3
237;Unciti;211;-0,5;56,9;43,1;51,5;58,6;7,1;10;1,9;25;0;75;0;0
238;Unzué / Untzue;144;5,1;54,2;45,8;48,3;51,6;9,7;8,3;9;61,5;30,8;7,7;0;0
239;Urdazubi / Urdax;349;-1,7;48,7;51,3;46,1;65,4;15,2;7,2;3,7;84,6;0;15,4;0;0
240;Urdiain;653;-3,3;51,3;48,7;46;67;14,9;11,5;4,9;50;9,4;34,4;0;6,3
241;Urraúl Alto;133;0;65,4;34,6;53,5;49,4;3;11,3;3;0;0;100;0;0
242;Urraúl Bajo;322;4,5;43,5;56,5;50,2;70,4;10,6;18;3,7;41,7;8,3;50;0;0
243;Urroz-Villa;377;0,8;51,5;48,5;43,2;53,3;15,7;5,3;3,7;50;7,1;42,9;0;0
244;Urroz;183;1,7;56,3;43,7;45,6;67,9;13,1;6;1,1;0;0;100;0;0
245;Urzainqui / Urzainki;84;-4,5;64,3;35,7;57,2;115,4;7,1;14,3;1,2;0;100;0;0;0
246;Uterga;153;-6,7;57,5;42,5;47,4;47,1;9,8;7,2;5,9;66,7;0;33,3;0;0
247;Uztárroz / Uztarroze;151;-5,6;52,3;47,7;61,3;86,4;2,6;16,6;0,7;100;0;0;0;0
248;Luzaide / Valcarlos;329;-8,1;54,1;45,9;51,3;67,9;7,9;11,6;12,2;77,5;10;12,5;0;0
249;Valtierra;2.412;1,6;50,4;49,6;45,9;66,9;14,2;9,1;11,2;17,8;60;20,4;1,9;0
250;Bera;3.736;-0,7;49;51;42,6;57,8;16,8;5,5;8,2;66,2;3,6;29,2;1;0
251;Viana;4.209;1,3;50,6;49,4;43,9;57,9;15,3;7;9;38,7;40,6;13,3;7,4;0
252;Vidángoz / Bidankoze;90;-5,3;56,7;43,3;53,4;60,7;7,8;13,3;0;0;0;0;0;0
253;Bidaurreta;163;-4,7;54,6;45,4;40,7;85,2;27;2,5;0,6;100;0;0;0;0
254;Villafranca;2.847;0,2;50,5;49,5;42,3;59,3;16,9;7,2;18,1;17,1;65;16;1,9;0
255;Villamayor de Monjardín;119;-0,8;51,3;48,7;49,2;45,1;7,6;10,9;3,4;100;0;0;0;0
256;Hiriberri / Villanueva de Aezkoa;102;-3,8;52,9;47,1;55,8;78,9;3,9;14,7;0;0;0;0;0;0
257;Villatuerta;1.191;0,4;50,1;49,9;41,3;55,9;17,5;4,2;4,8;35,1;28,1;24,6;12,3;0
258;Villava / Atarrabia;10.204;0,5;48,7;51,3;42,8;47,4;13,9;4,7;7,3;52,2;12,8;28,2;6,8;0
259;Igantzi;639;2,7;53,1;46,9;44;64,3;16,1;8,9;6,1;46,2;5,1;48,7;0;0
260;Valle de Yerri / Deierri;1.506;-0,1;52,5;47,5;48,3;66,2;12,5;10,8;2,6;59;7,7;33,3;0;0
261;Yesa;292;-1,7;58,9;41,1;49,6;57,8;8,6;8,6;9,2;51,9;0;48,1;0;0
262;Zabalza / Zabaltza;297;0,7;53,9;46,1;42;44,2;16,5;5,7;2;66,7;0;33,3;0;0
263;Zubieta;303;-4,1;51,8;48,2;43,6;66,5;19,8;7,6;2,3;85,7;0;14,3;0;0
264;Zugarramurdi;219;-2,7;49,3;50,7;45,2;72,4;16,4;9,6;2,7;66,7;16,7;16,7;0;0
265;Zúñiga;109;-2,7;63,3;36,7;50,1;38;5,5;12,8;24,8;85,2;0;14,8;0;0
901;Barañáin / Barañain;20.199;0,8;48,4;51,6;43,8;44,6;11,2;4;10,8;51,1;10,9;34,4;3,6;0
902;Berrioplano / Berriobeiti;7.256;3,5;50,9;49,1;34,1;49,2;25,6;1,4;9,1;63,7;7,7;25,6;2,9;0
903;Berriozar;10.426;2,5;50,4;49,6;37,9;48,2;20,1;2,4;13,8;50,9;25,8;20;2,9;0,3
904;Irurtzun;2.233;1,1;51,6;48,4;41,2;52;16,6;5,3;13,5;41,4;49;9,3;0,3;0
905;Beriáin;4.069;3,2;49,6;50,4;39,6;42,9;17,8;5,2;7,2;40,9;32,3;25,4;1,4;0
906;Orkoien;4.057;1,5;50,7;49,3;35;48,9;24,2;1,9;8;47,2;12,6;30,4;9,5;0,3
907;Zizur mayor / Zizur Nagusia;14.894;0;48,7;51,3;38,6;38;16,1;2,1;5,7;62,9;6,9;25,2;4,6;0,4
908;Lekunberri;1.536;0,1;50,1;49,9;38,6;58;22;4,6;7,9;49,6;20,7;28,9;0,8;0
